P1,P2,P3,P4,P5,P6,Total Power,Power Loss,Power Demand,Total Cost(Rs/h)
102.643,50,80,50,50,50,382.643,1.387,381.256,5059.85
103.254,50,80,50,50,50,383.253,1.389,381.864,5065.01
103.845,50,80,50,50,50,383.845,1.393,382.452,5070
104.339,50,80,50,50,50,384.339,1.395,382.944,5074.18
104.438,50,80,50,50,50,384.438,1.395,383.043,5075.02
105.171,50,80,50,50,50,385.17,1.398,383.772,5081.22
105.566,50,80,50,50,50,385.566,1.401,384.165,5084.57
106.061,50,80,50,50,50,386.061,1.403,384.658,5088.77
106.51,50,80,50,50,50,386.51,1.405,385.105,5092.58
107.157,50,80,50,50,50,387.157,1.408,385.749,5098.08
107.493,50,80,50,50,50,387.492,1.409,386.083,5100.93
107.96,50,80,50,50,50,387.96,1.412,386.548,5104.91
108.479,50,80,50,50,50,388.479,1.415,387.064,5109.32
109.233,50,80,50,50,50,389.233,1.418,387.815,5115.76
109.78,50,80,50,50,50,389.78,1.421,388.359,5120.42
110.418,50,80,50,50,50,390.418,1.424,388.994,5125.87
111.955,50,80,50,50,50,391.955,1.432,390.523,5139.02
113.596,50,80,50,50,50,393.595,1.439,392.156,5153.1
115.907,50,80,50,50,50,395.907,1.451,394.456,5172.99
117.742,50,80,50,50,50,397.742,1.461,396.281,5188.83
121.26,50,80,50,50,50,401.26,1.479,399.781,5219.35
123.975,50,80,50,50,50,403.975,1.493,402.482,5243.02
127.195,50,80,50,50,50,407.195,1.511,405.684,5271.21
129.506,50,80,50,50,50,409.505,1.523,407.982,5291.54
131.355,50,80,50,50,50,411.354,1.533,409.821,5307.86
134.221,50,80,50,50,50,414.22,1.549,412.671,5333.25
136.778,50,80,50,50,50,416.777,1.564,415.213,5356
140.135,50,80,50,50,50,420.135,1.584,418.551,5386.01
141.817,50,80,50,50,50,421.817,1.594,420.223,5401.11
144.501,50,80,50,50,50,424.501,1.61,422.891,5425.27
147.305,50,80,50,50,50,427.305,1.627,425.678,5450.63
150.622,50,80,50,50,50,430.622,1.648,428.974,5480.76
152.219,50,80,50,50,50,432.219,1.658,430.561,5495.33
155.468,50,80,50,50,50,435.467,1.678,433.789,5525.06
157.804,50,80,50,50,50,437.804,1.694,436.11,5546.54
160.718,50,80,50,50,50,440.718,1.713,439.005,5573.44
162.95,50,80,50,50,50,442.951,1.728,441.223,5594.12
164.996,50,80,50,50,50,444.996,1.741,443.255,5613.14
168.32,50,80,50,50,50,448.32,1.764,446.556,5644.16
171.252,50,80,50,50,50,451.252,1.784,449.468,5671.66
173.746,50,80,50,50,50,453.747,1.802,451.945,5695.14
175.578,50,80,50,50,50,455.488,1.814,453.674,5712.44
177.81,50,80,50,50,50,457.81,1.83,455.98,5733.59
180.078,50,80,50,50,50,460.078,1.847,458.231,5755.14
182.89,50,80,50,50,50,462.89,1.867,461.023,5781.97
186.375,50,80,50,50,50,466.375,1.893,464.482,5815.38
190.253,50,80,50,50,50,470.253,1.922,468.331,5852.75
194.4,50,80,50,50,50,474.4,1.954,472.446,5892.94
197.31,50,80,50,50,50,477.311,1.977,475.334,5921.3
200.665,50,80,50,50,50,480.665,2.003,478.662,5954.12
204.587,50,80,50,50,50,484.587,2.035,482.552,5992.7
209.055,50,80,50,50,50,489.055,2.071,486.984,6036.91
210.807,50,80.221,50,50,50,491.028,2.087,488.941,6056.53
212.171,50,81.268,50,50,50,493.439,2.108,491.331,6080.53
213.439,50,82.241,50,50,50,495.681,2.127,493.554,6102.9
215.848,50,84.091,50,50,50,499.94,2.164,497.776,6145.49
217.828,50,85.61,50,50,50,503.438,2.194,501.244,6180.59
220.338,50,87.537,50,50,50,507.875,2.233,505.642,6225.24
222.649,50,89.311,50,50,50,511.961,2.27,509.691,6266.49
224.736,50,90.126,50,50,50,515.648,2.303,513.345,6303.84
227.083,50,92.714,50,50,50,519.797,2.341,517.456,6345.98
228.285,50,93.636,50,50,50,521.921,2.361,519.56,6367.61
229.806,50,94.803,50,50,50,524.609,2.386,522.223,6395.03
232.153,50,96.603,50,50,50,528.756,2.425,526.331,6437.45
234.25,50,98.213,50,50,50,532.463,2.46,530.003,6475.49
236.223,50,99.726,50,50,50,535.949,2.494,533.455,6511.35
238.311,50,101.33,50,50,50,539.641,2.531,537.11,6549.43
241.927,50,104.101,50,50,50,546.028,2.594,543.434,6615.58
244.476,50,106.057,50,50,50,550.533,2.639,547.894,6662.43
245.973,50,107.205,50,50,50,553.177,2.666,550.511,6690
247.6,50,108.453,50,50,50,556.051,2.695,553.356,6720.05
250.738,50,110.859,50,50,50,561.598,2.754,558.844,6778.17
252.036,50,111.854,50,50,50,563.889,2.777,561.112,6802.26
253.244,50,112.78,50,50,50,566.023,2.8,563.223,6824.73
255.409,50,114.44,50,50,50,569.849,2.841,567.008,6865.11
256.491,50,115.269,50,50,50,571.761,2.862,568.899,6885.33
258.396,50,116.729,50,50,50,575.126,2.898,572.228,6920.99
260.936,50,118.676,50,50,50,579.612,2.947,576.665,6968.67
261.407,50,119.037,50,50,50,580.444,2.956,577.488,6977.53
263.308,50,120.494,50,50,50,583.802,2.994,580.808,7013.34
264.755,50,121.603,50,50,50,586.358,3.022,583.336,7040.66
267.296,50,123.55,50,50,50,590.847,3.073,587.774,7088.77
269.405,50,125.166,50,50,50,594.571,3.115,591.456,7128.8
271.694,50,126.92,50,50,50,598.614,3.162,595.452,7172.38
273.2174,50,128.088,50,50,50,601.305,3.193,598.112,7201.46
273.9101,50,128.6181,50,50,50,602.5282,3.207138,599.321,7214.69
275.6426,50,129.945,50,50,50,605.5876,3.243023,602.345,7247.86
278.494,50,132.129,50,50,50,610.623,3.302681,607.321,7302.6
279.458,50,132.868,50,50,50,612.326,3.323017,609.003,7321.15
282.4683,51.3005,135.3565,50,50,50,619.1253,3.402319,615.723,7395.48
283.722,52.2294,136.3207,50,50,50,622.2721,3.438647,618.834,7429.98
284.886,53.0914,137.215,50,50,50,625.1924,3.472593,621.721,7462.06
286.1701,54.042,138.2021,50,50,50,628.4142,3.510279,624.904,7497.48
287.678,55.1587,139.3612,50,50,50,632.1979,3.554897,628.643,7539.16
288.9037,56.0665,140.3033,50,50,50,635.2735,3.591438,631.682,7573.1
290.5328,57.2731,141.5554,50,50,50,639.3613,3.640388,635.721,7618.3
292.2989,58.5811,142.9128,50,50,50,643.7928,3.693943,640.099,7667.4
294.9017,60.5089,144.9131,50,50,50,650.3237,142.9128,646.55,7739.96
296.9981,62.0616,146.5242,50,50,50,655.5839,3.83892,651.745,7798.58
299.9069,64.2161,148.7594,50,50,50,662.8824,3.930469,658.952,7880.16
301.5184,65.4097,149.9976,50,50,50,666.9257,3.981781,662.944,7925.49
302.753,66.3843,151.26,50,50.8674,50,671.2647,4.031449,667.234,7974.29
304.1744,67.4379,152.359,50,50,50,673.9713,4.084002,671.888,8027.32
305.6596,68.5396,153.508,50,53.1853,50,680.8925,4.139538,676.753,8082.86
306.3472,69.0496,154.04,50,53.7336,50,683.1704,4.165453,679.005,8108.61
307.4246,69.8488,154.8735,50,54.5925,50,686.7394,4.206315,682.533,8148.99
308.4138,70.5826,155.6387,50,55.3809,50,690.016,4.244114,685.772,8186.11
309.7778,71.5943,156.6939,50,56.4677,50,694.5337,4.296665,690.237,8237.36
310.5464,72.1645,157.2885,50,57.0801,50,697.0795,4.326505,692.753,8266.28
312.2326,73.4152,158.5929,50,58.4229,50,702.6636,4.392523,698.271,8329.81
312.8682,73.8868,159.0846,50,58.929,50,704.7686,4.417613,700.351,8353.79
314.2899,74.9413,160.1843,50,60.06,50,709.4755,4.474121,705.002,8407.49
315.2476,75.6518,160.9252,50,60.8228,50,712.6474,4.512502,708.135,8443.71
316.3444,76.4654,161.7736,50,61.6954,50,716.2788,4.556757,711.722,8485.24
317.3474,77.2095,162.5494,50,62.4932,50,719.5995,4.597516,715.002,8523.27
319.0632,78.4824,163.8767,50,63.8576,50,725.2799,4.667875,720.612,8588.42
319.8041,79.0321,164.4497,50,64.4466,50,727.7325,4.698503,723.034,8616.59
322.157,80.7776,166.2697,50,66.3164,50,735.5207,4.765377,728.281,8677.72
322.157,80.7776,166.2697,50,66.3164,50,735.5207,4.796757,730.724,8706.22
323.6836,81.9102,167.4505,50,67.529,50,740.5733,4.861307,735.712,8764.49
325.036,82.9135,168.4965,50,68.6029,50,745.0489,4.91902,740.13,8816.21
325.8572,83.5227,169.1316,50,69.2547,50,747.7662,4.954302,742.812,8847.64
327.4344,84.6929,170.3516,50,70.5066,50,752.9855,5.022587,747.963,8908.11
328.8889,85.7721,171.4765,50,71.6605,50,757.798,5.086152,752.712,8963.96
329.8131,86.4578,172.1913,50,72.3936,50,760.8558,5.126839,755.729,8999.5
331.4045,87.6385,173.4221,50,73.6554,50,766.1205,5.197438,760.923,9060.78
331.9836,88.0682,173.87,50,74.1145,50,768.0363,5.223301,762.813,9083.11
333.5806,89.2531,175.1051,50,75.3803,50,773.3191,5.29509,768.024,9144.76
334.4658,89.91,175.7897,50,76.0817,50,776.2472,5.335179,770.912,9178.97
335.9714,91.0271,176.9541,50,77.2743,50,781.2269,5.403847,775.823,9237.25
336.922,91.7324,177.6892,50,78.027,50,784.3706,5.447515,778.923,9274.09
337.5012,92.1622,178.1371,50,78.4856,50,786.2861,5.474246,780.812,9296.56
338.343,92.6617,178.7253,50,79.459,50,789.189,5.514258,783.824,9332.43
339.7716,93.7188,179.8286,51.3,80.5973,50,795.2163,5.581251,789.635,9401.71
340.5528,94.2967,180.4319,51.9293,81.2195,50,798.4302,5.618129,792.812,9439.63
341.3178,94.8627,181.0227,52.5455,81.8287,50,801.5774,5.654412,795.923,9476.81
341.8316,95.2428,181.4194,52.9594,82.2378,50,803.691,5.678871,798.012,9501.8
342.9629,96.0799,182.293,53.8708,83.1385,50,808.3451,5.733001,802.612,9556.87
343.9987,96.8462,183.0929,54.7052,83.9629,50,812.6059,5.78288,806.823,9607.35
344.715,97.3762,183.646,55.2823,84.533,50,815.5525,5.817554,809.735,9642.29
345.7237,98.1225,184.4249,56.095,85.3356,50,819.7017,5.866627,813.835,9691.55
346.6584,98.8141,185.1466,56.8481,86.0791,50,823.5463,5.912361,817.634,9737.25
346.7982,98.9175,185.2545,56.9608,86.1903,50,824.1213,5.919221,818.202,9744.08
347.3525,99.3277,185.6826,57.4075,86.6312,50,826.4015,5.946485,820.455,9771.21
348.1678,99.9309,186.3121,58.0644,87.2796,50,829.7548,5.98674,823.768,9811.14
348.9408,100.5028,186.909,58.6873,87.8942,50,832.9341,6.025083,826.909,9849.03
349.2071,100.6999,187.1146,58.9019,88.1059,50,834.0294,6.038331,827.991,9862.09
349.7845,101.1271,187.5604,59.3672,88.5649,50,836.4041,6.067127,830.337,9890.43
350.4976,101.6547,188.111,59.9419,89.1317,50,839.3369,6.10282,833.234,9925.44
351.4209,102.3379,188.824,60.686,89.8655,50,843.1343,6.149253,836.985,9970.83
352.0667,102.8157,189.3225,61.2065,90.3786,50,845.79,6.18187,839.608,10002.59
352.501,103.137,189.6578,61.5565,90.7236,50,847.5759,6.203874,841.372,10023.97
353.5803,103.9356,190.4912,62.4265,91.581,50,852.0146,6.258794,845.756,10077.15
354.3727,104.522,191.103,63.0652,92.2104,50,855.2733,6.299324,848.974,10116.23
354.8387,104.8667,191.4628,63.4408,92.5803,50,857.1893,6.323237,850.866,10139.22
355.5856,105.4194,192.0394,64.0429,93.1734,50,860.2607,6.361704,853.899,10176.11
356.103,105.8022,192.4389,64.46,93.5842,50,862.3883,6.388445,856,10201.68
356.9013,106.3929,193.0552,65.1035,94.2178,50,865.6707,6.429848,859.241,10241.16
357.6331,106.9344,193.6202,65.6935,94.7987,50,868.6799,6.467964,862.212,10277.39
358.4192,107.516,194.2271,66.3273,95.4224,50,871.912,6.509075,865.403,10316.33
359.2783,108.1517,194.8903,67.0199,96.104,50,875.4442,6.554204,868.89,10358.93
359.8612,108.583,195.3404,67.4899,96.5664,50,877.8409,6.584948,871.256,10387.86
360.6625,109.1759,195.959,68.136,97.202,50,881.1354,6.627364,874.508,10427.66
361.2771,109.6306,196.4334,68.6315,97.6894,50,883.662,6.660019,877.002,10458.2
362.1238,110.2572,197.0871,69.3143,98.3608,50,887.1432,6.705188,880.438,10500.33
362.7836,110.7454,197.5964,69.8463,98.8838,50,889.8555,6.740523,883.115,10533.17
363.7372,111.451,198.3326,70.6153,99.6397,50,893.7758,6.791815,886.984,10580.69
364.256,111.8349,198.7331,71.0337,100.0509,50,895.9086,6.819831,889.089,10606.57
365.0757,112.4414,199.3659,71.6948,100.7004,50,899.2782,6.864244,892.414,10647.48
365.8858,113.0408,199.9912,72.3481,101.3423,50,902.6082,6.908328,895.7,10687.95
367.1617,113.985,200.9762,73.3772,102.353,50,907.8531,6.978139,900.875,10751.76
368.3434,114.8594,201.8883,74.3304,103.2888,50,912.7103,7.043203,905.667,10810.94
369.0524,115.384,202.4356,74.9023,103.8501,50,915.6244,7.082432,908.542,10846.48
370.8336,116.7021,203.8106,76.3392,105.2601,50,922.9456,7.181618,915.764,10935.9
371.4733,117.1754,204.3043,76.8552,105.7663,50,925.5745,7.217454,918.357,10968.05
372.0949,117.6354,204.7841,77.3567,106.2582,50,928.1293,7.252394,920.877,10999.32
372.7038,118.086,205.2541,77.848,106.7399,50,930.6318,7.286721,923.345,11029.97
373.8684,118.9477,206.153,78.7876,107.661,50,935.4177,7.35267,928.065,11088.65
375.7862,120.3669,207.6333,80.3351,109.1776,50,943.2991,7.462116,935.837,11185.45
377.0173,121.2779,208.5835,81.3285,110.1507,50,948.3579,7.532918,940.825,11247.69
379.0346,122.7707,210.1404,82.9564,111.7448,50,956.6469,7.64986,948.997,11349.86
379.4878,123.1061,210.4902,83.3222,112.1029,50,958.5092,7.676295,950.833,11372.84
380.7233,124.0204,211.4438,84.3194,113.0788,50,963.5857,7.748645,955.837,11435.56
381.3261,124.4664,211.9089,84.8059,113.5548,50,966.0621,7.784098,958.278,11466.19
381.9711,124.9437,212.4067,85.3265,114.0641,50,968.7121,7.822151,960.89,11498.98
383.0439,125.7376,213.2347,86.1925,114.9111,50,973.1198,7.885701,965.234,11553.58
384.3092,126.674,214.2112,87.2139,115.9098,50,978.3181,7.961075,970.357,11618.06
385.5141,127.5656,215.141,88.1866,116.8606,50,983.2679,8.033268,975.2346,11679.55
386.8515,128.5553,216.1731,89.2663,117.9156,50,988.7618,8.113882,980.648,11747.89
387.3504,128.9245,216.5581,89.6691,118.3091,50,990.8112,8.14408,982.667,11773.4
388.2416,129.5841,217.2459,90.3887,119.0119,50,994.4722,8.198208,986.274,11819.02
389.302,130.3688,218.0642,91.2449,119.848,50,998.8279,8.262899,990.565,11873.36
390.065,130.9334,218.6529,91.8609,120.4494,50,1001.9616,8.309638,993.652,11912.49
391.371,131.8999,219.6607,92.9156,121.4788,50,1007.326,8.390032,998.936,11979.55
393.9415,133.7321,221.9221,95.4079,123.5116,50.8251,1019.3403,8.551406,1010.789,12130.32
394.9506,134.4774,222.7065,96.2317,124.3064,51.8365,1024.5091,8.610256,1015.899,12195.44
395.905,135.1823,223.4485,97.0109,125.0581,52.7932,1029.398,8.666146,1020.732,12257.09
396.8401,135.873,224.1755,97.7744,125.7944,53.7307,1034.1881,8.721118,1025.467,12317.56
397.3187,136.2264,224.5475,98.1651,126.1711,54.2105,1036.6393,8.749331,1027.89,12348.54
397.7366,136.5351,224.8724,98.5063,126.5001,54.6295,1038.78,8.774015,1030.006,12375.6
399.1379,137.5701,225.9618,99.6506,127.603,56.0347,1045.9581,8.857,1037.101,12466.43
399.2289,137.6373,226.0326,99.725,127.6747,56.126,1046.4245,8.8625,1037.562,12472.33
399.3968,137.7613,226.1631,99.8621,127.8068,56.2943,1047.2844,8.8724,1038.412,12483.22
399.5104,137.8452,226.2514,99.9548,127.8961,56.4082,1047.8661,8.8792,1038.987,12490.59
399.5331,137.862,226.2691,99.9734,127.914,56.431,1047.9826,8.8806,1039.102,12492.07
399.6895,137.9775,226.3907,100.1012,128.0371,56.5879,1048.7839,8.8899,1039.894,12502.22
399.7527,138.0242,226.4398,100.1528,128.0868,56.6513,1049.1076,8.8936,1040.214,12506.32
399.8005,138.0595,226.477,100.1918,128.1244,56.6992,1049.3524,8.8965,1040.456,12509.43
399.9581,138.1759,226.5995,100.3205,128.2485,56.8573,1050.1598,8.9059,1041.254,12519.66
400.1495,138.3173,226.7483,100.4768,128.3991,57.0493,1051.1403,8.9173,1042.223,12532.09
400.2173,138.3673,226.801,100.5322,128.4524,57.1172,1051.4874,8.9214,1042.566,12536.49
400.2742,138.4093,226.8452,100.5786,128.4971,57.1743,1051.7787,8.9248,1042.854,12540.18
400.3536,138.468,226.9069,100.6435,128.5596,57.2539,1052.1855,8.9295,1043.256,12545.34
400.5306,138.5987,227.0445,100.788,128.6988,57.4314,1053.092,8.9401,1044.152,12556.84
400.8531,138.8369,227.2953,101.0515,128.9526,57.755,1054.7444,8.9594,1045.785,12577.8
400.9857,138.9348,227.3983,101.1597,129.0568,57.8879,1055.4232,8.9673,1046.456,12586.41
401.1346,139.0448,227.5141,101.2814,129.174,58.0373,1056.1862,8.9762,1047.21,12596.1
401.3394,139.1961,227.6734,101.4487,129.3351,58.2428,1057.2355,8.9885,1048.247,12609.41
401.3497,139.2037,227.6814,101.4571,129.3432,58.2531,1057.2882,8.9891,1048.299,12610.08
401.595,139.3849,227.8721,101.6574,129.5362,58.4992,1058.5448,9.0039,1049.541,12626.04
401.7406,139.4924,227.9853,101.7763,129.6507,58.6452,1059.2905,9.0126,1050.278,12635.51
402.0375,139.7117,228.2161,102.0189,129.8842,58.9431,1060.8115,9.0305,1051.781,12654.83
402.1752,139.8134,228.3231,102.1313,129.9925,59.0812,1061.5167,9.0387,1052.478,12663.79
402.3593,139.9494,228.4662,102.2817,130.1373,59.2659,1062.4598,9.0498,1053.41,12675.77
402.6368,140.1544,228.682,102.5084,130.3555,59.5443,1063.8814,9.0666,1054.815,12693.85
402.8283,140.2957,228.8308,102.6648,130.5061,59.7364,1064.8621,9.07815,1055.784,12706.31
402.8954,140.3454,228.8831,102.7196,130.5589,59.8038,1065.2062,9.0822,1056.124,12710.69
403.2941,140.6398,229.193,103.0453,130.8723,60.2037,1067.2482,9.1062,1058.142,12736.66
403.6963,140.9369,229.5057,103.3738,131.1886,60.6073,1069.3086,9.1306,1060.178,12762.88
404.1507,141.2724,229.8589,103.745,131.5458,61.0632,1071.636,9.1581,1062.478,12792.51
404.2828,141.3701,229.9617,103.853,131.6497,61.1959,1072.3132,9.1661,1063.147,12801.13
404.6912,141.6717,230.2791,104.1866,131.9707,61.6056,1074.4049,9.1909,1065.214,12827.78
405.2702,142.0993,230.7293,104.6597,132.4258,62.1867,1077.371,9.2262,1068.145,12865.59
405.4815,142.2554,230.8935,104.8322,132.5918,62.3987,1078.4531,9.2391,1069.214,12879.39
405.7436,142.449,231.0973,105.0464,132.7979,62.6618,1079.796,9.2551,1070.541,12896.52
406.6497,143.1182,231.8017,105.7868,133.5099,63.5713,1084.4376,9.3105,1075.127,12955.76
407.3076,143.6041,232.3133,106.3244,134.0268,64.2317,1087.8079,9.3508,1078.457,12998.81
407.5218,143.7623,232.4798,106.4994,134.1951,64.4467,1088.9051,9.364,1079.541,13012.83
407.6548,143.8606,232.5831,106.608,134.2995,64.5802,1089.5862,9.3722,1080.214,13021.54
407.8577,144.0104,232.7409,106.7738,134.4589,64.7839,1090.6256,9.3847,1081.241,13034.83
408.0367,144.1426,232.8801,106.9201,134.5996,64.9636,1091.5427,9.3957,1082.147,13046.56
408.2278,144.2838,233.0286,107.0763,134.7496,65.1554,1092.5215,9.4075,1083.114,13059.08
408.6427,144.5902,233.3512,107.4154,135.0756,65.572,1094.6471,9.4331,1085.214,13086.27
408.8271,144.7264,233.4945,107.566,135.2204,65.7571,1095.5915,9.4445,1086.147,13098.36
409.0684,144.9046,233.6821,107.7632,135.4098,65.9993,1096.8274,9.4594,1087.368,13114.18
409.4199,145.1642,233.9554,108.0505,135.6859,66.3523,1098.6282,9.4811,1089.147,13137.25
409.6833,145.3588,234.1602,108.2657,135.8927,66.6168,1099.9775,9.4974,1090.48,13154.53
410.4356,145.9144,234.745,108.8806,136.4834,67.3722,1103.8312,9.5442,1094.287,13203.93
410.6255,146.0547,234.8927,109.0358,136.6325,67.5629,1104.8041,9.556,1095.248,13216.4
411.2598,146.5232,235.3859,109.5542,137.1305,68.1999,1108.0535,9.5955,1098.458,13258.1
411.3665,146.602,235.4688,109.6415,137.2143,68.3071,1108.6002,9.6022,1098.998,13265.11
411.5845,146.763,235.6383,109.8196,137.3854,68.526,1109.7168,9.6158,1100.101,13279.45
412.6489,147.5492,236.4658,110.6897,138.2208,69.5951,1115.1695,9.6824,1105.487,13349.5
413.1746,147.9374,236.8745,111.1194,138.6333,70.1232,1117.8624,9.7154,1108.147,13384.12
413.5654,148.226,237.1783,111.4388,138.9399,70.5157,1119.8641,9.7399,1110.124,13409.87
414.5713,148.969,237.9604,112.2613,139.7291,71.5263,1125.0174,9.8034,1115.214,13476.22
415.159,149.403,238.4172,112.7417,140.1901,72.1167,1128.0277,9.8405,1118.187,13515.01
415.6847,149.7913,238.826,113.1715,140.6024,72.645,1130.7209,9.8739,1120.847,13549.73
416.64,150.4969,239.5686,113.9526,141.3516,73.6049,1135.6146,9.9346,1125.68,13612.88
417.1296,150.8585,239.9493,114.353,141.7355,74.097,1138.1229,9.9658,1128.157,13645.27
417.523,151.1491,240.2551,114.6746,142.0439,74.4923,1140.138,9.9909,1130.217,13671.31
418.5114,151.8791,241.0235,115.4829,142.8187,75.4857,1145.2013,10.0542,1135.147,13736.78
419.6008,152.6837,241.8705,116.3739,143.6725,76.5808,1150.7822,10.1242,1140.658,13809.02
420.5056,153.352,242.574,117.1139,144.3815,77.4905,1155.4175,10.1825,1145.235,13869.09
421.9135,154.3918,243.6685,118.2654,145.4844,78.9061,1162.6297,10.2737,1152.356,13962.67
422.0831,154.5171,243.8004,118.4042,145.6173,79.0766,1163.4987,10.2847,1153.224,13973.96
422.0831,154.5171,243.8004,118.4042,145.6173,79.0766,1163.4987,10.3104,1155.214,14000.27
423.2694,155.3933,244.7227,119.3746,146.5463,80.2696,1169.5759,10.362,1159.214,14052.94
423.4671,155.5393,244.8764,119.5364,146.7011,80.4685,1170.5888,10.3749,1160.214,14066.11
425.0569,156.7135,246.1124,120.837,147.9458,82.0675,1178.7331,10.479,1168.254,14172.13
425.8921,157.3304,246.7618,121.5204,148.5995,82.9078,1183.012,10.534,1172.478,14227.91
426.0462,157.4442,246.8815,121.6465,148.7201,83.0628,1183.8013,10.5441,1173.257,14238.2
427.0132,158.1584,247.6334,122.4377,149.4768,84.0357,1188.7552,10.6083,1178.147,14302.85
427.2888,158.362,247.8477,122.6633,149.6925,84.313,1190.1673,10.6262,1179.541,14321.3
427.4878,158.5089,248.0023,122.8261,149.8481,84.5132,1191.1864,10.6394,1180.547,14334.61
429.2018,159.7749,249.3349,124.2288,151.1889,86.2381,1199.9674,10.7534,1189.214,14449.43
430.3752,160.6415,250.2472,125.1892,152.1066,87.4191,1205.9788,10.8318,1195.147,14528.16
434.3727,163.594,253.3552,128.4616,155.2311,91.4439,1226.4585,11.1014,1215.357,14797.11
434.927,164.0034,253.7861,128.9154,155.6641,92.0021,1229.2981,11.1391,1218.159,14834.5
436.3094,165.0244,254.8609,130.0473,156.7439,93.3944,1236.3803,11.2334,1225.147,14927.83
438.4599,166.6128,256.5329,131.8084,158.423,95.5609,1247.3979,11.381,1236.017,15073.31
439.3647,167.281,257.2364,132.5495,159.1293,96.4726,1252.0335,11.4434,1240.59,15134.61
441.3428,168.742,258.7743,134.1697,160.6728,98.466,1262.1676,11.5806,1250.587,15268.84
442.3931,169.5178,259.5909,135.0301,161.4922,99.5247,1267.5488,11.6538,1255.895,15340.24
442.5862,169.6604,259.7411,135.1883,161.6429,99.7194,1268.5383,11.6673,1256.871,15353.37
443.0612,170.0112,260.1104,135.5774,162.0133,100.1981,1270.9716,11.7006,1259.271,15385.69
443.6024,170.4109,260.5312,136.0208,162.4354,100.7438,1273.7445,11.7385,1262.006,15422.53
444.4835,171.0617,261.2162,136.7427,163.1224,101.632,1278.2585,11.8005,1266.458,15482.56
445.1027,171.519,261.6976,137.25,163.6051,102.2564,1281.4308,11.8438,1269.587,15524.78
445.6533,171.9257,262.1257,137.7012,164.0343,102.8116,1284.2518,11.8828,1272.369,15562.34
446.1993,172.329,262.5502,138.1486,164.46,103.3623,1287.0494,11.9214,1275.128,15599.62
447.0822,172.9811,263.2367,138.8721,165.1481,104.2527,1291.5729,11.9839,1279.589,15659.94
447.8803,173.5705,263.8572,139.5261,165.7699,105.0576,1295.6616,12.0406,1283.621,15714.51
448.4196,173.9689,264.2765,139.9682,166.1901,105.6017,1298.425,12.079,1286.346,15751.41
449.1997,174.545,264.883,140.6075,166.7978,106.3886,1302.4216,12.1346,1290.287,15804.83
449.6114,174.8491,265.2032,140.945,167.1185,106.804,1304.5312,12.1642,1292.367,15833.04
450.0441,175.1687,265.5396,141.2997,167.4555,107.2405,107.2405,12.1951,1294.553,15862.7
450.889,175.7927,266.1965,141.9922,168.1134,108.093,1311.0768,12.2558,1298.821,15920.65
451.5999,176.3177,266.7492,142.5749,168.6669,108.8103,1314.7189,12.3069,1302.412,15969.46
452.3751,176.8903,267.3519,143.2104,169.2704,109.5926,1318.6907,12.3627,1306.328,16022.72
453.1036,177.4284,267.9183,143.8077,169.8375,110.3279,1322.4234,12.4154,1310.008,16072.82
453.9042,178.0197,268.5408,144.4641,170.4606,111.136,1326.5254,12.4734,1314.052,16127.91
454.7308,178.6302,269.1835,145.1418,171.1038,111.9704,1330.7605,12.5335,1318.227,16184.84
455.5072,179.2036,269.7871,145.7784,171.7078,112.7541,1334.7382,12.5902,1322.148,16238.36
456.4684,179.9136,270.5345,146.5667,172.4555,113.7247,1339.6634,12.6604,1327.003,16304.68
457.31,180.5351,271.1888,147.2568,173.11,114.5744,1343.9751,12.7221,1331.253,16362.8
458.2283,181.2134,271.9029,148.01,173.8241,115.5018,1348.6805,12.7895,1335.891,16426.28
458.4982,181.4128,272.1127,148.2313,174.0339,115.7744,1350.0633,12.8093,1337.254,16444.95
459.1024,181.859,272.5825,148.7269,174.5036,116.3846,1353.159,12.854,1340.305,16486.76
460.0284,182.5429,273.3024,149.4864,175.2234,117.3199,1357.9034,12.9224,1344.981,16550.89
461.4975,184.0642,274.6495,150,175.3256,116.9054,1362.4422,13.0212,1349.421,16611.95
461.8734,184.3429,274.9423,150,175.6152,117.2806,1364.0544,13.0484,1351.006,16633.72
462.401,184.7341,275.3532,150,176.0217,117.8072,1366.3172,13.0862,1353.231,16664.31
463.6078,185.6289,276.2931,150,176.9511,119.0117,1371.4926,13.1736,1358.319,16734.3
464.9482,186.8002,276.6247,150,177.9666,120,1376.3397,13.2587,1363.081,16799.9
466.7207,188.1173,277.9934,150,179.3305,120,1382.1619,13.3979,1368.764,16878.42
467.8989,188.9929,278.9032,150,180.2369,120,1386.0319,13.4909,1372.541,16930.68
469.0992,189.8849,279.83,150,181.1599,120,1389.974,13.586,1376.388,16983.98
470.2273,190.7233,280.701,150,182.0272,120,1393.6788,13.6758,1380.003,17034.14
471.735,191.8438,281.8652,150,183.1861,120,1398.6301,13.7961,1384.834,17101.26
472.8067,192.6402,282.6926,150,184.0095,120,1402.149,13.882,1388.267,17149.02
474.0811,193.5874,283.6766,150,184.9886,120,1406.3337,13.9847,1392.349,17205.88
475.2558,194.4604,284.5836,150,185.8907,120,1410.1905,14.0795,1396.111,17258.36
476.6459,195.4936,285.6569,150,186.958,120,1414.7544,14.1924,1400.562,17320.53
477.8092,196.3581,286.555,150,187.8509,120,1418.5732,14.2872,1404.286,17372.62
479.2788,197.4504,287.6896,150,188.9786,120,1423.3974,14.4074,1408.99,17438.51
480.4046,198.2872,288.5588,150,189.8423,120,1427.0929,14.4999,1412.593,17489.05
481.5594,199.1455,289.4503,150,190.7279,120,1430.8831,14.5951,1416.288,17540.95
485.4297,200,291.4958,150,291.4958,120,1538.4213,117.6223,1420.799,17604.63
486.7416,200,292.5028,150,189.5247,120,1438.7691,14.7641,1424.005,17649.77
488.1549,200,293.5875,150,190.5746,120,1442.317,14.859,1427.458,17698.47
489.7224,200,294.7906,150,191.7386,120,1446.2516,14.9646,1431.287,17752.55
491.5218,200,296.1715,150,193.0741,120,1450.7674,15.0864,1435.681,17814.72
492.5765,200,296.981,150,193.8567,120,1453.4142,15.1582,1438.256,17851.21
494.2673,200,298.2785,150,195.1107,120,1457.6565,15.2735,1442.383,17909.78
495.9876,200,299.5987,150,196.3861,120,1461.9724,15.3914,1446.581,17969.46
500,200,300,150,193.537,120,1463.537,14.394,1449.143,18006.38
500,200,300,150,197.9143,120,1467.9143,15.5473,1452.367,18051.96
500,200,300,150,200,120,1470,14.712,1455.288,18080.5
